{"FremenStateConditioned": {"precision": [0.0, 0.3150442477844243, 0.24706207659202511, 0.22732576641465016, 0.22701284094019306, 0.23146521433509676, 0.24184457728354622, 0.2526069909059728, 0.26417715312873286, 0.2750822038647042, 0.28492239467758973, 0.2937592751689643], "recall": [0.0, 0.39923101569497943, 0.4245664053178944, 0.4134671039906351, 0.3956869792491705, 0.37799454884304695, 0.36443186204934025, 0.35440074906201124, 0.34789626600517426, 0.34193998604190234, 0.33466654264595047, 0.3282709260702513], "destination_accuracy": [0.0, 0.25664851008962963, 0.28415300546178046, 0.29596758633767345, 0.2937428524731662, 0.2867594319306455, 0.28117359413058207, 0.27738764044813957, 0.27536855697718554, 0.2716578606309574, 0.26611478001947314, 0.26123767129174746]}, "LastSeenAndStaticSemantic": {"precision": [0.7083333331365741, 0.13223540808784467, 0.08131638516426497, 0.07150916784189655, 0.07923269391147807, 0.0834307376400778, 0.08334667734178451, 0.0827773659500121, 0.08848848004043507, 0.09404947626468865, 0.10070485295300922, 0.10785484063498638], "recall": [0.05688789737742581, 0.17494392822588986, 0.22190544072015297, 0.2934593864534559, 0.3569678157140535, 0.37885525749316395, 0.4018787800777152, 0.4312968164773816, 0.451307435702351, 0.46276542717390984, 0.46246860756966807, 0.47316051322170494], "destination_accuracy": [0.0167317345227723, 0.08779237423790077, 0.12900926585764783, 0.1624541771162458, 0.20029406959516227, 0.21331229378732858, 0.2297001672874549, 0.24754213483030177, 0.25729043365863646, 0.268368059015977, 0.2684401451017824, 0.2772104390319378]}, "ours": {"precision": [0.33429616791062666, 0.3138929874941627, 0.3210832815040126, 0.33666362457176624, 0.3544141526347095, 0.36710346176240755, 0.37837246609138825, 0.3882538701799818, 0.39706504408786486, 0.40541546477936014, 0.41309255078859536, 0.4199560464637271], "recall": [0.3227365681281413, 0.4316992416905047, 0.44975053456450703, 0.45076853816617846, 0.45166911724368564, 0.4487639267415554, 0.44515935314831134, 0.4412843320828279, 0.4377129739211405, 0.4343535041354427, 0.4312157008634315, 0.428093450872789], "destination_accuracy": [0.2758877114643788, 0.3583253230756169, 0.36786251682552124, 0.3708277059589363, 0.37363175951397726, 0.37192177114499925, 0.36970788830076073, 0.3668851435688192, 0.36428853258568406, 0.3617452563704712, 0.359129383311844, 0.35637601466228025]}}